<?xml version="1.0" encoding="UTF-8"?>
<catalog xmlns="http://csrc.nist.gov/ns/oscal/1.0" uuid="0069c46e-6fd1-4b72-bc64-fd4e6d4a2190">
    <metadata>
        <title>FINOS CCC Sample Catalog</title>
        <published>2024-02-01T00:00:00+01:00</published>
        <last-modified>2024-02-01T01:00:00+01:00</last-modified>
        <version>0.0.1</version>
        <oscal-version>1.1.1</oscal-version>
        <prop name="keywords"
            value="control, cloud, security, risk" />
        <role id="publisher">
            <title>FINOS</title>
        </role>
        <role id="author">
            <title>FINOS</title>
        </role>
        <role id="contact">
            <title>Contact</title>
        </role>
        <party uuid="4bc82884-5a0c-486b-94d5-cc5195615ad3" type="organization">
            <name>FINOS</name>
            <address>
                <addr-line>FINOS</addr-line>
                <addr-line>some address</addr-line>
                <addr-line>more address</addr-line>
                <country>UK</country>
            </address>
        </party>
        <responsible-party role-id="publisher">
            <party-uuid>4bc82884-5a0c-486b-94d5-cc5195615ad3</party-uuid>
        </responsible-party>
        <responsible-party role-id="author">
            <party-uuid>4bc82884-5a0c-486b-94d5-cc5195615ad3</party-uuid>
        </responsible-party>
        <responsible-party role-id="contact">
            <party-uuid>4bc82884-5a0c-486b-94d5-cc5195615ad3</party-uuid>
        </responsible-party>
    </metadata>
    <group id="M10">
        <title>Threat Mitigations</title>
        <control id="M1047" class="mitigation">
            <title>Audit</title>
            <part id="M1047_stm" name="statement" >
                <p>Frequently check permissions on cloud storage to ensure proper permissions are set to deny open or unprivileged access to resources.</p>
            </part>
        </control>
        <control id="M1041" class="mitigation">
            <title>Encrypt Sensitive Information</title>
            <part id="M1041_stm" name="statement">
                <p>Encrypt data stored at rest in cloud storage. </p>
            </part>
            <part id="M1047_gdn" name="guidance">
                <p>Managed encryption keys can be rotated by most providers. </p>
                <p>At minimum ensure an incident response plan to storage breach includes rotating the keys and test for impact on client applications.</p>
            </part>
        </control>
        <control id="M1032" class="p1-mitigations">
            <title>Multi-factor Authentication</title>
            <part id="M1032_stm" name="statement">
                <p>Use two or more pieces of evidence to authenticate to a system, such as username and password in addition to a token from a physical smart card or token generator.</p>
            </part>
        </control>
        <control id="M1026" class="p1-mitigations">
            <title>Privileged Account Management</title>
            <part id="M1026_stm" name="statement">
                <p>Manage the creation, modification, use, and permissions associated to privileged accounts.</p>
            </part>
        </control>
        <control id="M1018" class="p1-mitigations">
            <title>User Account Management</title>
            <part id="M1018_stm" name="statement">
                <p>Manage the creation, modification, use, and permissions associated to non-privileged user accounts.</p>
            </part>
        </control>
    </group>
    <group id="CCC">
        <title>Policy name and identification</title>
        <control id="CCC.M1" class="p1-mitigations">
            <title>Organization level Authorization Origin Policy</title>
            <part name="statement">
                <p>Define actions that are allowed for cloud accounts subscribed to an organization. Ensure policy set to enforce MFA for console and API actions for IAM principles.</p>
            </part>
        </control>
    </group>
</catalog>