{
    "$schema": "http://json-schema.org/draft-07/schema#",
    "type": "object",
    "properties": {
      "common_controls": {
        "type": "array",
        "items": {
          "type": "string",
          "pattern": "^CCC\\.C\\d{2,8}$",
          "description": "IDs of common controls; can be omitted if not applicable"
        }
      },
      "controls": {
        "type": "array",
        "items": {
          "type": "object",
          "properties": {
            "id": {
              "type": "string",
              "pattern": "^CCC\\.[A-Za-z]+\\.C\\d{2,8}$",
              "description": "Control ID in the format CCC.<Service Category Abbreviation>.C##"
            },
            "title": {
              "type": "string",
              "description": "Name of the control"
            },
            "objective": {
              "type": "string",
              "description": "1-3 sentence description of the control objective"
            },
            "control_family": {
              "type": "string",
              "description": "Control Family"
            },
            "nist_csf": {
              "type": "string",
              "pattern": "^[A-Za-z]{2}\\.[A-Za-z]{2}-\\d{1,}$",
              "example": "PR.DS-2",
              "description": "NIST CSF control ID"
            },
            "threats": {
              "type": "array",
              "items": {
                "type": "string",
                "pattern": "^((CCC\\.TH\\d{2,8})|(CCC\\.\\w{1,8}\\.TH\\d{2,8}))$",
                "description": "Threat IDs",
                "example": "CCC.TH01"
              }
            },
            "control_mappings": {
              "type": "object",
              "properties": {
                "CCM": {
                  "type": "array",
                  "items": {
                    "type": "string",
                    "description": "CCM control IDs",
                    "pattern": "^[A-Za-z]{2,}-[0-9]+$",
                    "example": "DSI-04"
                  }
                },
                "ISO_27001": {
                  "type": "array",
                  "items": {
                    "type": "string",
                    "description": "ISO 27001 control IDs",
                    "pattern": "^[0-9]{4} A\\.\\d+\\.\\d+\\.\\d+$",
                    "example": "2013 A.12.3.1"
                  }
                },
                "NIST_800_53": {
                  "type": "array",
                  "items": {
                    "type": "string",
                    "description": "NIST 800-53 control IDs",
                    "pattern": "^[A-Za-z]{2,}-[0-9]+$",
                    "example": "CP-6"
                  }
                }
              },
              "additionalProperties": false
            },
            "test_requirements": {
              "type": "array",
              "items": {
                "type": "object",
                "properties": {
                  "id": {
                    "type": "string",
                    "description": "Test requirement ID in the format CCC.<Service Category Abbreviation>.<Control ID>.TR##"
                  },
                  "text": {
                    "type": "string",
                    "description": "Detailed description of the test requirement"
                  },
                  "tlp_levels": {
                    "type": "array",
                    "items": {
                      "type": "string",
                      "enum": ["tlp_clear", "tlp_green", "tlp_amber", "tlp_red"],
                      "description": "TLP level indicating the disclosure level for the test"
                    }
                  }
                },
                "required": ["id", "text", "tlp_levels"],
                "additionalProperties": false
              }
            }
          },
          "required": ["id", "title", "objective", "control_family", "nist_csf", "threats", "test_requirements"],
          "additionalProperties": false
        }
      }
    },
    "required": ["controls"],
    "additionalProperties": false
}
