{
    "$schema": "http://json-schema.org/draft-07/schema#",
    "type": "object",
    "properties": {
      "common_features": {
        "type": "array",
        "items": {
          "type": "string",
          "pattern": "^CCC\\.F\\d{2,8}$",
          "description": "IDs of common features; can be omitted if not applicable"
        }
      },
      "features": {
        "type": "array",
        "items": {
          "type": "object",
          "properties": {
            "id": {
              "type": "string",
              "pattern": "^CCC\\.[A-Za-z]+\\.F\\d{2,8}$",
              "description": "Feature ID in the format CCC.<Service Category Abbreviation>.F<##>"
            },
            "title": {
              "type": "string",
              "description": "Shortname of the feature"
            },
            "description": {
              "type": "string",
              "description": "Complete description of the feature"
            }
          },
          "required": ["id", "title", "description"],
          "additionalProperties": false
        }
      }
    },
    "required": ["features"],
    "additionalProperties": false
  }
