{
  "$schema": "http://json-schema.org/draft-07/schema#",
  "type": "object",
  "properties": {
    "common_threats": {
      "type": "array",
      "items": {
        "type": "string",
        "pattern": "^CCC\\.TH\\d{2,8}$",
        "description": "IDs of common threats"
      }
    },
    "threats": {
      "type": "array",
      "description": "List of all threats in the system; can be omitted if not applicable",
      "items": {
        "type": "object",
        "properties": {
          "id": {
            "type": "string",
            "pattern": "^((CCC\\.TH\\d{2,8})|(CCC\\.\\w{1,8}\\.TH\\d{2,8}))$",
            "description": "Threat ID in the format <category-id>.TH##"
          },
          "title": {
            "type": "string",
            "description": "Short name of the threat"
          },
          "description": {
            "type": "string",
            "description": "Complete description of the threat"
          },
          "features": {
            "type": "array",
            "items": {
              "type": "string",
              "pattern": "^CCC(\\.[a-zA-Z0-9]+)?\\.F\\d+$",
              "description": "Feature ID in the format <category-id>.F<#>"
            }
          },
          "mitre_technique": {
            "type": "array",
            "items": {
              "type": "string",
              "description": "Mitre ATT&CK technique ID",
              "pattern": "^(T|TA)[0-9]+(\\.[0-9]+)?$",
              "example": "T1486"
            },
            "minItems": 1
          },
          "threat_mappings": {
            "type": "object",
            "properties": {
              "owasp": {
                "type": "array",
                "items": {
                  "type": "string",
                  "description": "Identifiers from OWASP Top 10 Lists"
                }
              }
            }
          }
        },
        "required": ["id", "title", "description", "features", "mitre_technique"],
        "additionalProperties": false
      }
    }
  },
  "required": ["common_threats"],
  "additionalProperties": false
}
